Workbook
Name aporte: Planilha1!$C$18
Name qtd_anos: Planilha1!$C$19
Name rendimento_carteira: Planilha1!$C$14
Name taxa_rendimento_mensal: Planilha1!$C$20

Sheet Planilha1
A12: Configurações
A13: Salarío | C13: 3000
A14: Rendimento Carteira | C14: 0.01
A15: Sugestão de investimento | C15: =C13*20% -> 600
A17: Investimento Mensal
A18: Quanto investir ao mês? | C18: 600
A19: Por quanto tempo? | C19: 7
A20: Taxa de rendimento mensal | C20: 0.01 | D20: 2
A21: Patrimônio acumulado? | C21: =FV(taxa_rendimento_mensal,qtd_anos*12,aporte*-1) -> 78403.365 | D21: 5
A22: Dividendos Mensais? | C22: =C21*rendimento_carteira -> 784.03365 | D22: 10
D23: 20
A24: Cenários Futuros | C24: Dividendos | D24: 30
A25: Quanto em 2 anos? | B25: =FV(rendimento_carteira,$D20*12,aporte*-1) -> 16184.079 | C25: =B25*rendimento_carteira -> 161.84079
A26: Quanto em 5 anos? | B26: =FV(rendimento_carteira,$D21*12,aporte*-1) -> 49001.802 | C26: =B26*rendimento_carteira -> 490.01802
A27: Quanto em 10 anos? | B27: =FV(rendimento_carteira,$D22*12,aporte*-1) -> 138023.21 | C27: =B27*rendimento_carteira -> 1380.2321
A28: Quanto em 20 anos? | B28: =FV(rendimento_carteira,$D23*12,aporte*-1) -> 593553.22 | C28: =B28*rendimento_carteira -> 5935.5322
A29: Quanto em 30 anos? | B29: =FV(rendimento_carteira,$D24*12,aporte*-1) -> 2096978.5 | C29: =B29*rendimento_carteira -> 20969.785
A33: Perfil | B33: Agressivo
A34: Valor a ser investido por mês | B34: =aporte -> 600
A36: Tipo de Fii | B36: Percentual Sugerido | C36: Valores
A37: PAPEL | B37: =VLOOKUP($B$33&"-"&A37,Planilha2!A:D,4,FALSE) -> 0.15 | C37: =$B$34*B37 -> 90
A38: TIJOLO | B38: =VLOOKUP($B$33&"-"&A38,Planilha2!A:D,4,FALSE) -> 0.2 | C38: =$B$34*B38 -> 120
A39: HIBRÍDOS | B39: =VLOOKUP($B$33&"-"&A39,Planilha2!A:D,4,FALSE) -> 0.15 | C39: =$B$34*B39 -> 90
A40: FOFs | B40: =VLOOKUP($B$33&"-"&A40,Planilha2!A:D,4,FALSE) -> 0.1 | C40: =$B$34*B40 -> 60
A41: DESENVOLVIMENTO | B41: =VLOOKUP($B$33&"-"&A41,Planilha2!A:D,4,FALSE) -> 0.25 | C41: =$B$34*B41 -> 150
A42: HOTELARIAS | B42: =VLOOKUP($B$33&"-"&A42,Planilha2!A:D,4,FALSE) -> 0.15 | C42: =$B$34*B42 -> 90
A43: Total | C43: =SUM(C37:C42) -> 600

Sheet Planilha2
A2: Chave | B2: Perfil | C2: Tipo de Fii | D2: Porcentagem
A3: =B3&"-"&C3 -> Conservador-PAPEL | B3: Conservador | C3: PAPEL | D3: 0.45
A4: =B4&"-"&C4 -> Conservador-TIJOLO | B4: Conservador | C4: TIJOLO | D4: 0.25
A5: =B5&"-"&C5 -> Conservador-HIBRÍDOS | B5: Conservador | C5: HIBRÍDOS | D5: 0.15
A6: =B6&"-"&C6 -> Conservador-FOFs | B6: Conservador | C6: FOFs | D6: 0.1
A7: =B7&"-"&C7 -> Conservador-DESENVOLVIMENTO | B7: Conservador | C7: DESENVOLVIMENTO | D7: 0.03
A8: =B8&"-"&C8 -> Conservador-HOTELARIAS | B8: Conservador | C8: HOTELARIAS | D8: 0.02
A9: =B9&"-"&C9 -> Moderado-PAPEL | B9: Moderado | C9: PAPEL | D9: 0.2
A10: =B10&"-"&C10 -> Moderado-TIJOLO | B10: Moderado | C10: TIJOLO | D10: 0.3
A11: =B11&"-"&C11 -> Moderado-HIBRÍDOS | B11: Moderado | C11: HIBRÍDOS | D11: 0.25
A12: =B12&"-"&C12 -> Moderado-FOFs | B12: Moderado | C12: FOFs | D12: 0.1
A13: =B13&"-"&C13 -> Moderado-DESENVOLVIMENTO | B13: Moderado | C13: DESENVOLVIMENTO | D13: 0.1
A14: =B14&"-"&C14 -> Moderado-HOTELARIAS | B14: Moderado | C14: HOTELARIAS | D14: 0.05
... A20: =B20&"-"&C20 -> Agressivo-HOTELARIAS | B20: Agressivo | C20: HOTELARIAS | D20: 0.15
